[{
	"VERSION_INFO":{
		"value" : "1.1.1"
	},
	"FJAR_VERSION_HEADER":{
		"value" : "fjar-version"
	},
	"ARMARKER_ID":{
		"MINIMUM":{
			"value" : 1
		},
		"MAXIMUM":{
			"value" : 999999999999
		}
	},
	"SIG_MAX_SIZE_IN_A_SCENE":{
		"value" : 100
	},
	"RESOURCE_SIZE":{
		"MINIMUM":{
			"value" : 0
		},
		"MAXIMUM":{
			"value" : 5242880
		}
	},
	"IMAGE_TEXTURE_MAX_SIZE":{
		"value" : 1048576
	},
	"SIG_DEFINITION_NAME_MAX_SIZE":{
		"value" : 30
	},
	"ELEMENT_ID_MAX_LENGTH":{
		"value" : 30
	},
	"ABSTRACT_NAMED_ELEMENT_NAME_MAX_LENGTH":{
		"value" : 256
	},
	"TEXTURE_SRC_MAX_LENGTH":{
		"value" : 256
	},
	"SCRIPT_ACTION_EXPRESSION_MAX_LENGTH":{
		"value" : 256
	},
	"URL_ACTION_SRC_MAX_LENGTH":{
		"value" : 256
	},
	"TEXTURE_SIZE":{
		"MINIMUM":{
			"value" : 10
		},
		"MAXIMUM":{
			"value" : 1024
		}
	},
	"TRANSLATION":{
		"MINIMUM":{
			"value" : -32
		},
		"MAXIMUM":{
			"value" : 32
		}
	},
	"ROTATION":{
		"MINIMUM":{
			"value" : -360
		},
		"MAXIMUM":{
			"value" : 360
		}
	},
	"SCALE":{
		"DETECT_TYPE_ARMARKER":{
			"MINIMUM":{
				"value" : 0.1f
			},
			"MAXIMUM":{
				"value" : 32f
			}
		},
		"DETECT_TYPE_GPS":{
			"MINIMUM":{
				"value" : 0.1f
			},
			"MAXIMUM":{
				"value" : 150000f
			}
		}
	},
	"TEXTTEXTURE_TEXT_LENGTH":{
		"MINIMUM":{
			"value" : 1
		},
		"MAXIMUM":{
			"value" : 256
		}
	},
	"AROBJMTL_SRC_MAX_LENGTH":{
		"value" : 256
	},
	"SIG_LATITUDE_SIZE":{
		"MINIMUM":{
			"value" : -90
		},
		"MAXIMUM":{
			"value" : 90
		}
	},
	"SIG_LONGTITUDE_SIZE":{
		"MINIMUM":{
			"value" : -180
		},
		"MAXIMUM":{
			"value" : 180
		}
	},
	"SIG_ALTITUDE_SIZE":{
		"MINIMUM":{
			"value" : -100000
		},
		"MAXIMUM":{
			"value" : 100000
		}
	},
	"SIG_DISTANCE":{
		"MINIMUM":{
			"value" : 50
		},
		"MAXIMUM":{
			"value" : 200000
		}
	}
}]